179,CooperSanjuba                                                                                                                                                                       ,20,FONCOOP,,2521928377,1160816701,1361111676,,2/28/12,,               ,En Ejecución,2015,,,,          ,0,0,0,630,10,1,0.995,12/6/16,0,,,               ,,,,,,,IF 09/02/15: Deficiente acopio de materiales e insuficiente cantidad de obreros.,,,0,    
181,Asent. Col. Sto. Domingo                                                                                                                                                            ,185,FOCEM,001/11,9903928738,2971178621,0,12/17/12,12/21/12,,Rec. Definitiva,En Ejecución,2012,,,,          ,0,0,0,871,30,359,0.3101,9/27/18,0.3101,,,               ,,8/18/18,8/18/18,1/5/15,1/5/15,1/5/15,Aún no presentó la Empresa el certificado de Obras N° 5,2018,ELIODORO MARECOS IBARROLA,0,    
203,ACCION COMUNITARIA                                                                                                                                                                  ,8,FONAVIS,01/2010,487202725,0,0,11/4/10,,,               ,En Ejecución,2010,,,,4         ,512844974,25642249,0,877,10,1,0.7417,11/23/15,0,,,               ,,,,,,,"""SUP. AURORA CABALLERO HASTA EL 06/10/2015.
1er desembolso 15/11/2011""",,GERARDO ROLON POSE,0,    
228,Comisión CIUDAD  NUEVA                                                                                                                                                              ,12,FONAVIS,01/2011,666651525,0,0,8/6/11,,,               ,En Ejecución,2011,,,,3         ,952359321,285707796,0,877,20,402,0.9946,7/29/16,0,,,               ,,5/31/16,5/31/16,,,,"IF 29/07/16: LAS OBRAS ESTAN PRACTICAMENTE ACABADAS, BUENA CALIDAD DE MATERIALES Y M.O., NO SE PUDO ACCEDER AL INTERIOR DE LAS VIVIENDAS P/ TENER UNA VISIÓN GRAL. DE LA CONSTRUCCIÓN. NO SE ENCONTRÓ AL FISCAL DE OBRAS NI A LA EMP. CONST. EN EL LUGAR.",2015,GERARDO ROLON POSE,0,    
246,SAN FRANCISCO                                                                                                                                                                       ,60,FONAVIS,02/2012,3469261666,0,1757712885,6/4/12,,,               ,En Ejecución,2012,,,,4         ,3651854385,182592719,0,877,10,0,0.9853,5/4/18,0,,,               ,,7/30/18,5/7/13,,,,"IF 10/10/14: El avance de obra hasta la fecha es de:72,66%",2015,GERARDO ROLON POSE,0,    
285,COMISIÓN DIRECTIVA DEL ASENTAMIENTO 24 DE JULIO                                                                                                                                     ,79,FONAVIS,01/2013,4438891332,1375276141,1083822647,3/26/13,12/28/15,,               ,En Ejecución,2013,,,,"3,4       ",5399746156,960854824,0,877,0,0,0.8778,9/10/18,0,,,               ,,12/31/18,4/30/17,,,,"IF 21/07/16: LOS TRABAJOS SE ENCUENTRAN RETRASADOS EXCESIVAMENTE, NO TIENEN CAPACIDAD FINANCIERA.",2018,ELIODORO MARECOS IBARROLA,0,    
306,La Merced                                                                                                                                                                           ,18,FONAVIS,04/2012,930064978,783212613,146852365,12/14/12,,,               ,En Ejecución,2012,,,,4         ,979015766,48950788,0,877,10,1,0.33,4/25/16,0,,,               ,,,,,,,"""Tiene solicitud de calif. final , pero el proyecto no esta en condiciones de ser aprobado con Cali. Final 
1er desembolso 28.02.2013""",,ELIODORO MARECOS IBARROLA,0,    
349,Coop. Ña Pua Hagua - Perla del Sur I                                                                                                                                                ,40,FONCOOP,,4415780278,2330077639,2085702639,,,,               ,En Ejecución,2014,,,,          ,0,0,0,630,30,1,0,,0,,,               ,,,,,,, ,,,0,    
350,Coop. Ña Pua Hagua - Perla del Sur II                                                                                                                                               ,40,FONCOOP,,4434672862,2339523924,2095148938,,,,               ,En Ejecución,2014,,,,          ,0,0,0,630,30,1,0,,0,,,               ,,,,,,, ,,,0,    
352,Coop. Desmochado Ltda.                                                                                                                                                              ,20,FONCOOP,,1901695901,850122080,1051573821,,,,               ,En Ejecución,2015,,,,          ,0,0,0,630,10,1,0.3081,8/7/18,0,,,               ,,,,,,,"IF 07/08/2018: El avance de obra hasta la fecha es de: 30,81% ver informe nº1 Arq. Graciela Paredes",,,0,    
353,Coop. Tava Rory Ltda. (Covitava) II                                                                                                                                                 ,35,FONCOOP,,3634648674,1792561121,1842087553,,,7/6/14,               ,En Ejecución,2015,2/7/14,,,          ,0,0,0,630,10,1,0.4664,6/8/17,0,,,               ,,,,,,,"IF 08/06/2017 avance de obra 46,64% en el terreno se encuentra una vivienda en demolición ",,,0,    
354,Proyectos Individuales                                                                                                                                                              ,1084,FONAVIS,,0,0,0,,,,               ,En Ejecución,2014,,,,4         ,0,0,0,0,0,0,0,,0,,,               ,,,,,,,"Subsidios habitacionales otorgados en forma individual, corresponden al Programa Fonavis en todo Paraguay",,,0,    
359,Coop. Ñapua Hagua                                                                                                                                                                   ,24,FONAVIS,,0,0,0,,,,               ,En Ejecución,2014,,,,4         ,0,0,0,0,0,0,0,,0,,,               ,,,,,,,ID Admiistración: Coop.Mult.Ahorr.Cons.Viv. y Serv.Ñapua Hagua,,,0,    
362,Com.Vec.Asent.Dr.G. R. de Francia -Cia. Cañadita                                                                                                                                    ,60,FONAVIS,,0,0,0,,,,               ,En Ejecución,2014,,,,4         ,0,0,0,877,10,1,0,,0,,,               ,,,,,,, ,,,0,    
578,Nueva Esperanza                                                                                                                                                                     ,45,SEMBRANDO,01/15,3012100394,0,0,7/29/15,,4/2/16,Rec. Definitiva,En Ejecución,2015,11/5/15,,,          ,0,0,0,520,10,1,0.4408,7/13/17,0.4408,7/13/17,,               ,,11/30/18,11/30/18,11/30/18,11/30/18,11/30/18,Se levanta la suspencion de la obra por Resol. N° 2141 del 11/09/18,2018,SOLEDAD NUÑEZ,0,2   
583,Bella Vista Norte                                                                                                                                                                   ,75,CHE TAPYI,004/15,5777824036,0,0,6/23/15,,,Rec. Definitiva,En Ejecución,2015,,12/21/17,,          ,0,0,0,871,30,509,0.9816,10/24/17,0.9816,10/24/17,,               ,,2/28/18,10/31/17,10/31/17,5/27/18,7/28/18,Declarado desierta en las LPN N° 001/15 y 003/15,2016,SOLEDAD NUÑEZ,0,    
591,"Comisión Vecinal del Asentamiento denominado ""María Auxiliadora 2"".                                                                                                                 ",4,FONAVIS,04/2017,568375534,105982316,0,12/21/17,2/14/18,,               ,En Ejecución,2017,2/14/18,,,4         ,598290056,29914522,0,877,10,1,0.2239,7/30/18,0,,,               ,,,,,,, ,2018,SOLEDAD NUÑEZ,0,    
613,Maria Auxiliadora II                                                                                                                                                                ,12,FONAVIS,/,0,0,0,,,,               ,En Ejecución,2011,2/19/18,,,4         ,0,0,0,0,0,0,0.2239,7/30/18,0,,,               ,,,,,,, ,,,0,    
638,Comisión Vecinal Asentamiento Dr. Gaspar Rodríguez de Francia de la Compañia Cañadita - Proyecto Tapy´i Marangatu.                                                                  ,57,FONAVIS,01/2013,2838569275,1250007097,1449609408,4/1/13,2/28/14,,               ,En Ejecución,2013,,,,4         ,2987967658,149398383,180842707,877,10,1,0.9725,3/10/18,0,,,               ,,10/27/16,4/25/16,,,, ,2016,ELIODORO MARECOS IBARROLA,0,    
640,COMISION DE FOMENTO Y DESARROLLO DE LAUREL - NUEVA ESPERANZA                                                                                                                        ,60,FONAVIS,01/2012,0,1206338985,2056461400,4/9/12,7/13/17,,               ,En Ejecución,2012,,,,4         ,0,0,0,877,10,1,0.8752,10/11/18,0,,,               ,,4/4/18,4/4/18,3/30/18,3/30/18,3/30/18, ,2018,GERARDO ROLON POSE,0,    
675,COMISION VECINAL PRO-VIVIENDA VECINOS UNIDOS                                                                                                                                        ,44,FONAVIS,01/2014,2797609850,1104205621,1351623627,5/6/14,1/19/17,,               ,En Ejecución,2014,,,,4         ,2944852474,147242624,0,877,10,1,0.5339,11/8/18,0.506,11/8/18,,               ,,6/11/19,6/8/19,3/5/19,3/5/19,3/5/19, ,2018,FRANCISCO KNAPPS,0,    
716,COMISION DE VECINOS DEL EDIFICIO PUERTO PABLA                                                                                                                                       ,76,FONAVIS,01/2015,5238261316,2018356235,2806358135,5/6/15,10/21/15,,               ,En Ejecución,2015,,,,4         ,5513959280,275697964,0,877,20,402,0.8051,9/5/18,0,,,               ,,,,,,,"IF 28/09/16: POSEE FISCAL: SI ( EN DOCUMENTOS), PERO NUNCA SE LO ENCONTRÓ, SE LE HA COMUNICADO A LA SAT. EN ESTA VERIFICACIÓN NO SE ENCONTRABA NINGÚN PROFESIONAL DIRIGIENDO LA OBRA. LOS TRABAJOS SE ESTAN REALIZANDO MUY LENTAMENTE, SIN MOTIVOS JUSTIFICADOS.",2018,SOLEDAD NUÑEZ,0,    
733,Maria Auxiliadora 3° Fase                                                                                                                                                           ,49,FONAVIS,02/2013,3053749897,1103365277,1362384620,7/16/13,,,               ,En Ejecución,2013,,,,4         ,3235419661,181669764,0,877,10,1,1,1/10/18,0,,,               ,,11/12/15,10/10/15,,,, ,2015,JOSE NUÑEZ ALVARENGA,0,    
741,COMISIÓN VECINAL SANTA ELENA PROYECTO SENAVITAT - FONAVIS                                                                                                                           ,35,FONAVIS,01/2014,2273900627,856722078,1127178549,5/23/14,,,               ,En Ejecución,2014,,,,4         ,2393579607,119678980,0,877,10,1,1,9/20/18,0,,,               ,,12/16/15,7/14/15,,,,,2015,FRANCISCO KNAPPS,0,    
851,Comisión Vecinal Pro - Vivienda 22 de Octubre Asentamiento Tapyirá.                                                                                                                 ,15,FONAVIS,02/2017,914233528,406178863,0,9/15/17,11/1/17,,               ,En Ejecución,2017,,,,4         ,962351082,48117554,0,877,10,0,0.8356,11/2/18,0,,,               ,,10/24/18,10/24/18,10/24/18,10/24/18,10/24/18, ,2018,SOLEDAD NUÑEZ,0,    
1003,COMISIÓN POR UNA VIVIENDA PROPIA JUAN PABLO II                                                                                                                                      ,102,FONAVIS,03/2014,6768794089,2455157155,0,10/16/14,8/11/15,,               ,En Ejecución,2014,,,,4         ,7125046409,356252320,0,877,10,1,0.9064,1/27/18,0,,,               ,,5/28/16,11/24/15,,,,"I.F. Nº 9 (26/07/16): LAS VIVIENDAS TIENEN BUEN ASPECTO, PERO CON MUCHOS DETALLES A CORREGIR.(TERMINACIONES DE PINTURA, P LOMERIA, FALTA DE TAPA DE REG., ETC.)",2016,SOLEDAD NUÑEZ,0,    
1006,COMUNIDAD INDIGENA FISCHAT SAN LEONARDO                                                                                                                                             ,49,FONAVIS,03/2014,2629440026,1011968447,1402823414,10/23/14,4/20/17,,               ,En Ejecución,2014,,,,4         ,2767831606,138391580,0,877,10,1,0.8874,8/30/18,0,,,               ,,8/13/18,10/19/18,2/13/18,2/13/18,2/13/18, ,2018,SOLEDAD NUÑEZ,0,    
1017,COMISION DEL ASENTAMIENTO VILLA ELBITA.                                                                                                                                             ,24,FONAVIS,04/2017,1526340524,0,0,12/22/17,,,               ,En Ejecución,2017,6/16/18,,,4         ,1606674236,80333712,0,877,10,1,0.6004,10/24/18,0,,,               ,,5/23/19,5/23/19,5/23/19,5/23/19,5/23/19, ,2018,SOLEDAD NUÑEZ,0,    
1020,"Comisión Vecinal ""Villa del Maestro I"".                                                                                                                                             ",7,FONAVIS,03/2017,423932250,157006523,0,10/16/17,12/5/17,,               ,En Ejecución,2017,,,,4         ,446244474,22312224,0,877,10,0,0.506,4/6/18,0,,,               ,,12/8/18,12/8/18,11/23/18,11/23/18,11/23/18,"Exp 773-18 solicitud de 2do desembolso para 6 viviendas aprobado. Avance certificado 50,60%",2018,SOLEDAD NUÑEZ,0,    
1053,GRUPO ORGANIZADO LUNA PARK                                                                                                                                                          ,40,FONAVIS,06/2015,2570169666,948640538,1227020645,12/7/15,9/1/17,,               ,En Ejecución,2015,,,,4         ,2705441754,135272088,0,877,10,1,0.9776,10/29/18,0,,,               ,,12/31/18,2/4/18,5/8/18,5/8/18,5/8/18, ,2018,SOLEDAD NUÑEZ,0,    
1158,Comisión Vecinal Guillermina Duré                                                                                                                                                   ,190,FONAVIS,07/2015,13048097719,1079223440,1393024063,12/21/15,2/23/17,,               ,En Ejecución,2015,,,,4         ,13734839704,686741985,0,877,10,1,1,8/13/18,1,5/8/18,,               ,,10/4/18,10/4/18,12/28/18,,12/28/18, ,2017,SOLEDAD NUÑEZ,0,    
1186,Territorio Social 25 de Diciembre                                                                                                                                                   ,54,FONAVIS,03/2017,3333248284,1393775117,0,10/31/17,1/22/18,,               ,En Ejecución,2017,1/22/18,,,4         ,3508682404,175434120,0,877,10,1,0.4377,4/2/18,0,,,               ,,11/30/18,11/30/18,11/30/18,11/30/18,11/30/18, ,2018,SOLEDAD NUÑEZ,0,    
1211,COMISION DE FOMENTO Y DESARROLLO.                                                                                                                                                   ,55,FONAVIS,04/2017,3813493065,0,0,12/22/17,,,               ,En Ejecución,2017,,,,4         ,4014203226,200710161,0,877,10,1,0.06,9/26/18,0,,,               ,,2/28/19,2/28/19,2/28/19,2/28/19,2/28/19, ,2018,SOLEDAD NUÑEZ,0,    
1214,Comunidad Indígena Ava Chiripa de Cerro Campi                                                                                                                                       ,28,FONAVIS,05/2016,1585884676,0,0,12/9/16,,,               ,En Ejecución,2016,,,,4         ,1669352290,83467614,0,877,10,1,0.99,10/30/18,0,,,               ,,1/18/18,1/18/18,1/23/18,1/23/18,1/23/18, ,2018,SOLEDAD NUÑEZ,0,    
1218,COMISION PRO VIVIENDA DE LA COLONIA SAN JUAN EX ACEPAR SEPTIMA LINEA                                                                                                                ,41,FONAVIS,03/2017,2901904397,1221013020,0,12/7/17,2/12/18,,               ,En Ejecución,2017,,,,4         ,3054636207,152731810,0,877,10,1,0.5445,11/13/18,0,,,               ,,12/26/18,12/26/18,12/26/18,12/26/18,12/26/18, ,2018,SOLEDAD NUÑEZ,0,    
1224,COMISION SIN TECHO DEL BARRIO SANTA  ANA.                                                                                                                                           ,19,FONAVIS,04/2017,1158699640,489477536,0,12/22/17,2/28/18,,               ,En Ejecución,2017,,,,4         ,1219683832,60984192,0,877,10,1,0.9135,10/10/18,0,,,               ,,1/4/19,1/4/19,1/5/19,1/5/19,1/5/19, ,2018,SOLEDAD NUÑEZ,0,    
1233,COMISION VECINAL DE LA COLONIA SANJA MOROTI                                                                                                                                         ,97,FONAVIS,03/2017,6737805908,2841789016,0,11/15/17,2/5/18,,               ,En Ejecución,2017,,,,4         ,7092427272,354621364,0,877,10,1,0.9158,11/3/18,0,,,               ,,3/15/19,7/18/19,1/17/19,1/17/19,1/17/19, ,2018,SOLEDAD NUÑEZ,0,    
1236,COMUNIDAD INDIGENA NARANJITO RIO VERDE.                                                                                                                                             ,55,FONAVIS,01/2018,3498062391,0,0,6/22/18,,,               ,En Ejecución,2018,,,,4         ,3682170938,184108547,0,877,10,1,0.5485,11/8/18,0,,,               ,,7/30/19,4/2/19,7/30/19,7/30/19,7/30/19, ,2018,SOLEDAD NUÑEZ,0,    
1294,Comisión de Desarrollo y Fomento del Asentamiento San Lorenzo                                                                                                                       ,14,FONAVIS,02/2017,998671241,444134472,0,8/30/17,10/26/17,,               ,En Ejecución,2017,,,,4         ,1051232885,52561644,0,877,10,1,0.951,10/26/18,0,,,               ,,4/10/19,10/10/18,10/10/18,10/10/18,10/10/18, ,2018,SOLEDAD NUÑEZ,0,    
1295,"COMISIÓN PRO HERMOSEAMIENTO DEL ASENTAMIENTO ""EDÉN""                                                                                                                                 ",34,FONAVIS,05/2017,2161610604,0,0,12/29/17,,,               ,En Ejecución,2017,,,,4         ,2275379583,113768979,0,877,10,1,0.4852,10/25/18,0,,,               ,,3/31/19,4/6/19,4/6/19,4/6/19,4/6/19, ,2018,SOLEDAD NUÑEZ,0,    
1303,COMISION VECINAL Y DESARROLLO DE LA COLONIA TORYVETE                                                                                                                                ,52,FONAVIS,03/2017,3620430268,0,0,10/16/17,,,               ,En Ejecución,2017,,,,4         ,3810979230,190548962,0,877,10,1,0.4749,10/31/18,0,,,               ,,5/3/19,11/3/18,5/3/19,5/3/19,5/3/19, ,2018,SOLEDAD NUÑEZ,0,    
1305,María Auxiliadora                                                                                                                                                                   ,30,FONAVIS,03/2017,2088709771,896537970,0,12/12/17,2/1/18,,               ,En Ejecución,2017,2/2/18,,,4         ,2198641864,109932093,0,877,10,1,0.4448,5/24/18,0,,,               ,,1/8/19,1/8/19,1/8/19,1/8/19,1/8/19, ,2018,SOLEDAD NUÑEZ,0,    
1306,COMISION VECINAL DE FOMENTO ASENTAMIENTO NUESTRA SEÑORA                                                                                                                             ,39,FONAVIS,02/2017,2393340432,932975554,1460364878,9/6/17,10/23/17,,               ,En Ejecución,2017,,,,4         ,2519305718,125965286,0,877,10,1,0.8654,11/2/18,0,,,               ,,1/3/19,10/5/18,10/9/18,10/9/18,10/9/18, ,2018,SOLEDAD NUÑEZ,0,    
1336,"COMISIÓN DE FOMENTO Y DESARROLLO DE MANDU'ARA DE LA COLONIA TAPYTA
                                                                                                                 ",52,FONAVIS,03/2017,3743277758,1672493863,0,11/10/17,2/14/18,,               ,En Ejecución,2017,2/15/18,,,4         ,3940292377,197014619,0,877,10,1,0.7058,10/19/18,0,,,               ,,3/22/19,12/22/18,3/22/19,3/22/19,3/22/19, ,2018,SOLEDAD NUÑEZ,0,    
1349,Comunidad Indigena La Herencia Ex Sombrero Pirí-Aldea Palo Blanco                                                                                                                   ,135,FONAVIS,03/2017,8506879487,3742770143,0,12/14/17,2/27/18,,               ,En Ejecución,2017,,,,4         ,8954609986,447730499,0,877,10,1,0.5545,9/3/18,0,,,               ,,1/25/19,1/25/19,3/12/19,3/12/19,3/12/19, ,2018,SOLEDAD NUÑEZ,0,    
1352,COMISION VECINAL DEL ASENTAMIENTO SAN JOSE.                                                                                                                                         ,24,FONAVIS,01/2018,1515076314,0,0,6/22/18,,,               ,En Ejecución,2018,,,,4         ,1594817173,79740859,0,877,10,1,0.2211,10/16/18,0,,,               ,,5/8/19,12/19/18,8/1/19,,8/1/19, ,2018,SOLEDAD NUÑEZ,0,    
1371,COMUNIDAD INDIGENA AYOREO CAMPO LORO                                                                                                                                                ,96,FONAVIS,02/2017,5901609740,1936305739,0,8/24/17,1/31/18,,               ,En Ejecución,2017,,,,4         ,6212220779,310611039,0,877,10,1,0.9205,8/14/18,0.1941,8/29/18,,               ,,4/8/19,7/6/19,4/8/19,4/8/19,4/8/19, ,2018,SOLEDAD NUÑEZ,0,    
1374,Comunidad Indígena Toba Qom Río Verde Km. 49.                                                                                                                                       ,69,FONAVIS,01/2018,4388476330,0,0,3/16/18,,,               ,En Ejecución,2018,,,,4         ,4619448768,230972438,0,877,10,1,0.5308,10/29/18,0,,,               ,,4/18/19,4/18/19,4/18/19,,4/18/19, ,2018,SOLEDAD NUÑEZ,0,    
1382,Com.Ind.Pto.Ma.Auxiliadora-N.Esperanza                                                                                                                                              ,39,FONAVIS,/,0,0,0,,,,               ,En Ejecución,2016,,,,4         ,0,0,0,877,10,1,0.89,7/12/16,0.9,6/12/16,,               ,,,,,,, ,,,0,    
1384,COMUNIDAD INDIGENA SAWHOYAMAXA                                                                                                                                                      ,141,FONAVIS,03/2017,8583960680,3728774829,0,12/14/17,2/5/18,,               ,En Ejecución,2017,,,,4         ,9035748084,451787404,0,877,10,1,0.9634,11/4/18,0,,,               ,,12/14/18,1/12/19,1/18/19,1/18/19,1/18/19, ,2018,SOLEDAD NUÑEZ,0,    
1386,COMUNIDAD INDIGENA DE EL ESTRIBO - ALDEA SANTA FE                                                                                                                                   ,61,FONAVIS,04/2017,3879207695,0,0,12/22/17,,,               ,En Ejecución,2017,,,,4         ,4083376521,204168826,0,877,10,1,0.19,9/5/18,0,,,               ,,5/2/19,5/2/19,,,, ,2018,SOLEDAD NUÑEZ,0,    
1387, COMUNIDAD INDIGENA COLONIA  ARMONIA                                                                                                                                                ,60,FONAVIS,04/2016,3285310166,0,1747131023,11/15/16,,,               ,En Ejecución,2016,,,,4         ,3458221227,172911061,0,877,10,1,0.7698,10/30/18,0.7074,8/8/18,,               ,,,,1/6/18,1/6/18,1/6/18, ,2018,SOLEDAD NUÑEZ,0,    
1388,"Comunidad Indígena de ""El Estribo"" Aldea Dos Palmas.                                                                                                                                ",89,FONAVIS,04/2017,5589623333,0,0,12/21/17,,,               ,En Ejecución,2017,,,,4         ,5883814035,294190702,0,877,10,1,0.4773,9/4/18,0,,,               ,,3/7/19,3/7/19,3/14/19,3/14/19,3/14/19, ,2018,SOLEDAD NUÑEZ,0,    
1390,COMUNIDAD INDIGENA CHAMACOCO DE PUERTO DIANA                                                                                                                                        ,57,FONAVIS,03/2017,3063275855,1437317791,0,11/15/17,2/14/18,,               ,En Ejecución,2017,,,,4         ,3224500900,161225045,0,877,10,1,0.4637,9/14/18,0,,,               ,,1/31/19,1/4/19,1/3/19,1/3/19,1/3/19, ,2018,SOLEDAD NUÑEZ,0,    
1399,COMUNIDAD INDIGENA ‘’CAMPO LARGO''.                                                                                                                                                 ,101,FONAVIS,03/2017,6917422466,2673347642,0,8/24/17,2/20/18,,               ,En Ejecución,2017,,,,4         ,7281497333,364074867,0,877,10,1,0.5418,10/30/18,0,,,               ,,2/27/19,2/27/19,2/28/19,2/28/19,2/28/19, ,2018,SOLEDAD NUÑEZ,0,    
1421,"Comisión ""Pro-Vivienda del Asentamiento Tuyutimi 2"".                                                                                                                                ",22,FONAVIS,02/2017,1358046513,556187413,0,4/24/15,11/29/17,,               ,En Ejecución,2015,,,,4         ,1429522645,71476132,0,877,20,402,0.4442,1/26/18,0,,,               ,,8/14/19,,8/17/19,8/17/19,10/17/19, ,2018,SOLEDAD NUÑEZ,0,    
1427,Comisión Vecinal de Fomento Territorio Social Cerro Corá.                                                                                                                           ,28,FONAVIS,03/2017,1703792003,764122472,0,11/6/17,2/2/18,,               ,En Ejecución,2017,,,,4         ,1793465266,89673263,0,877,20,1,0.5466,7/28/18,0,,,               ,,12/11/18,12/11/18,12/12/18,12/12/18,12/12/18, ,2018,SOLEDAD NUÑEZ,0,    
1438,"Comisión Matriz del Barrio San Isidro ""Fracción Libertad A Y B""                                                                                                                     ",34,FONAVIS,01/2017,2081269041,0,1111238672,7/5/17,,,               ,En Ejecución,2017,,,,4         ,2190809517,109540476,0,0,0,0,0.8434,10/23/18,0,,,               ,,3/31/19,8/2/18,3/31/19,3/31/19,3/31/19, ,2018,SOLEDAD NUÑEZ,0,    
1439,COMUNIDAD INDIGENA GUARANI-CHIRIPA DE MBOIJAGUA.                                                                                                                                    ,93,FONAVIS,03/2017,5748172674,2586202905,0,11/17/17,12/28/17,,               ,En Ejecución,2017,,,,4         ,6050708078,302535404,0,0,0,0,0.4679,11/13/18,0,,,               ,,12/11/18,12/11/18,12/15/18,12/15/18,12/15/18, ,2018,SOLEDAD NUÑEZ,0,    
1442,COMISION VECINAL PRO VIVIENDA  ASENTAMIENTO CARMEN SOLER                                                                                                                            ,30,FONAVIS,01/2017,1835481125,812260158,1023220967,7/11/17,8/31/17,,               ,En Ejecución,2017,,,,4         ,1932085395,96604270,0,0,0,0,0.9874,8/4/18,0,,,               ,,12/9/18,8/9/18,8/9/18,8/9/18,8/9/18,"la obra presenta atrasos, se ejecutan trabajos de terminación",2018,SOLEDAD NUÑEZ,0,    
1446,LA COMISION SENAVITAD DE LA COLONIA SANTA LUCIA.                                                                                                                                    ,101,FONAVIS,03/2017,7391431342,2989193550,0,11/21/17,1/22/18,,               ,En Ejecución,2017,,,,4         ,7780454044,389022702,0,0,0,0,0.4548,10/5/18,0,,,               ,,12/14/18,12/14/18,1/26/19,1/26/19,1/26/19, ,2018,SOLEDAD NUÑEZ,0,    
1447,COMISIÓN DEL NUCLEO HABITACIONAL LA CANDELARIA                                                                                                                                      ,24,FONAVIS,02/2017,1526382149,551138845,901602060,8/24/17,10/25/17,,               ,En Ejecución,2017,,,,4         ,1606718052,80335903,0,0,0,0,0.48,10/26/18,0,,,               ,,12/6/18,9/6/18,9/6/18,9/6/18,,"Exp 27003-17 solicitud de 2do desembolso aprobado. Avance certificado 41,20%",2018,SOLEDAD NUÑEZ,0,    
1455,2 Bloques de 12 Departamentos - Capiatá                                                                                                                                             ,24,Viviendas Económicas,007/16,3636873958,1091062187,364857541,12/26/16,6/22/17,5/25/18,Rec. Definitiva,En Ejecución,2016,8/28/17,,,          ,0,0,18242877,450,20,402,0.3795,9/28/18,0.1003,9/27/17,,               ,,1/25/18,1/25/18,5/25/18,,5/25/19,"IF 20; AV OB: 37,95% Fecha de Inspección en la Obra: 28/09/18.
Obs.:Reinicio de obra después de aprobación del convenio modificatorio. A partir de 14/03/18",2018,SOLEDAD NUÑEZ,318412,    
1457,Reapración del 5° y 6°piso del Edificio Central                                                                                                                                     ,0,Mejoramiento de Barrios,,892377275,0,0,11/19/15,,,Rec. definitiva,En Ejecución,2015,,,,          ,0,0,0,240,10,1,0,,0,,,               ,,,12/31/18,,,, ,SN 2014,SOLEDAD NUÑEZ,299140,    
1460,María Auxiliadora                                                                                                                                                                   ,99,SEMBRANDO,02/16,4743999010,0,0,11/29/16,,,Rec. Definitiva,En Ejecución,2016,,,,          ,0,0,0,520,20,1,0.8175,,0.8175,12/21/17,,               ,,2/28/19,2/28/19,2/28/19,3/31/19,3/31/19,Certificado N° 9,2018,SOLEDAD NUÑEZ,315612,5   
1467,Ara Pyahu                                                                                                                                                                           ,78,SEMBRANDO,004/16,5029372279,0,0,12/26/16,,,Rec. Definitiva,En Ejecución,2016,,,,          ,0,0,0,520,20,4,0.4178,2/8/18,0.4178,2/8/18,,               ,,3/30/19,3/31/19,3/31/19,3/31/19,3/31/19,,2018,SOLEDAD NUÑEZ,318356,7   
1472,                                                                                                                                                                                    ,0,SEMBRANDO,002/16,4019410820,0,0,,,,Rec. Definitiva,En Ejecución,2016,,,,          ,0,0,0,520,20,1,0,,0,,,               ,,,6/5/18,8/16/17,8/16/18,8/16/18, ,SN 2014,,315612,2   
1474,Asentamiento Pyaguapy                                                                                                                                                               ,53,Vya Renda,019/15,6994389187,0,0,12/22/15,12/24/15,,               ,En Ejecución,0,2/2/16,,,          ,0,0,0,0,0,0,0,,0.9909,2/28/17,,               ,,,,,,, ,,,301,1   
1487,Terminación de Viviendas Carlos Antonio Lopez                                                                                                                                       ,100,CHE TAPYI,05/16,5500980678,0,0,2/10/17,,,Rec. Definitiva,En Ejecución,2017,10/11/17,,,          ,0,0,0,871,30,509,0.84,7/6/18,0.84,7/6/18,,               ,,3/31/19,3/31/19,3/31/19,2/28/19,3/31/19,"Informe Mensual correspondiente al periodo del 08/12/17 al 07/01/18 presentado por la  Consultora Guarani S.A. 
Porcentaje General de avance de obras es de 37.73 % ",2018,SOLEDAD NUÑEZ,253,    
1493,COMISION VECINAL VILLA POLICIAL                                                                                                                                                     ,47,FONAVIS,05/2016,2912210200,0,0,12/23/16,9/29/17,,               ,En Ejecución,2016,,,,4         ,4005296338,1093086138,0,877,20,402,0.1587,8/25/18,0,,,               ,,3/14/19,3/14/19,3/14/19,3/14/19,3/14/19, ,2018,SOLEDAD NUÑEZ,0,    
1495,"Asentamiento San Cayetano

                                                                                                                                                       ",85,CHE TAPYI,01/17,6654560692,0,0,8/1/17,,,Rec. Definitiva,En Ejecución,2017,10/4/17,,,          ,0,0,0,509,30,509,0.869,6/6/18,0.869,6/6/18,,               ,,,4/30/18,3/25/18,5/25/18,9/25/18,,2018,SOLEDAD NUÑEZ,0,1   
1496,Asentamiento Koé Rory                                                                                                                                                               ,130,CHE TAPYI,01/17,9880532660,0,0,7/31/17,,,Rec. Definitiva,En Ejecución,2017,11/20/17,,,          ,0,0,0,509,30,509,0.6751,7/17/18,0.6751,7/17/18,,               ,,,8/31/18,4/19/18,4/19/18,,Obras iniciadas el 20 de noviembre/2017,2018,SOLEDAD NUÑEZ,0,5   
1498,Asentamiento Nuevo Amanecer y Mcal. Lopez                                                                                                                                           ,130,CHE TAPYI,01/17,99174883320,0,0,7/31/17,,,Rec. Definitiva,En Ejecución,2017,9/13/17,,,          ,0,0,0,871,30,509,0.9228,4/13/18,0.9228,4/13/18,,               ,,7/31/18,7/31/18,5/31/18,5/31/18,5/31/18, ,2018,SOLEDAD NUÑEZ,0,4   
1499,Com. Ind. Xamok Kasek y las Flores                                                                                                                                                  ,100,CHE TAPYI,01/17,6218859904,0,0,7/31/17,,,Rec. Definitiva,En Ejecución,2017,9/16/17,,,          ,0,0,0,871,30,509,0.5843,7/13/18,0.5843,7/13/18,,               ,,,,9/16/18,9/16/18,9/16/18, ,2018,SOLEDAD NUÑEZ,0,7   
1500,Asentamiento Virgen de Caacupé                                                                                                                                                      ,190,CHE TAPYI,01/17,12988844787,3896653436,1262807847,7/31/17,,,Rec. definitiva,En Ejecución,2017,8/28/17,,,          ,0,0,126280785,509,30,509,0.9914,6/21/18,0.0972,9/29/17,,               ,,,,4/25/18,4/25/18,4/25/18,"En esta comunidad estaba prevista la construcción de 190 viviendas, pero se realizó un ampliación de 2 más, en total se cuenta con 192 viviendas construidas.",2018,SOLEDAD NUÑEZ,0,3   
1504,Ara Verá                                                                                                                                                                            ,132,SEMBRANDO,06/17,9237881875,0,0,9/13/17,,,Rec. Definitiva,En Ejecución,2017,,,,          ,0,0,0,520,20,4,0.7265,10/22/18,0.7265,10/22/18,,               ,,3/31/19,4/7/19,6/20/19,,3/22/19,Certificao N° 6,2018,SOLEDAD NUÑEZ,332842,1   
1506,Chino Kue I                                                                                                                                                                         ,105,SEMBRANDO,06/17,7728081443,2318424433,4356806915,9/13/17,,,Rec. Definitiva,En Ejecución,2017,,,,          ,0,0,217840347,520,20,0,0.7211,10/24/18,0.2273,10/24/18,,               ,,3/31/19,3/31/19,,,,Certificado N° 6,2018,SOLEDAD NUÑEZ,332842,5   
1519,Cerrito                                                                                                                                                                             ,101,Convenio YACYRETA,606,16775306471,0,0,,,,               ,En Ejecución,2015,9/5/16,4/27/18,,          ,0,0,0,0,0,0,0.5,,0,,,               ,,,,,,,Contrato Modificado Gs. 16.775.306.471,,SOLEDAD NUÑEZ,0,    
1528,Barrio San Francisco - Bloques de Departamentos                                                                                                                                     ,888,Convenio ITAIPU,,0,0,0,,,,               ,En Ejecución,2016,7/1/16,,,          ,0,0,0,0,0,0,0,,0,,,               ,,,,,,, ,,SOLEDAD NUÑEZ,0,    
1529,Barrio San Francisco - Viviendas Unifamiliares                                                                                                                                      ,112,Convenio ITAIPU,,0,0,0,,,,               ,En Ejecución,2016,7/1/16,,,          ,0,0,0,0,0,0,0,,0,,,               ,,,,,,, ,,SOLEDAD NUÑEZ,0,    
1531,Comisión de Cooperativa de Vivienda de la Localidad de Sidepar 3000.                                                                                                                ,52,FONAVIS,02/2017,4032906297,1779694040,0,9/18/17,12/27/17,,               ,En Ejecución,2017,12/27/17,,,4         ,4245164523,212258226,0,877,0,0,0.4957,6/21/18,0,,,               ,,3/26/19,1/25/19,3/26/19,3/26/19,3/26/19, ,2018,SOLEDAD NUÑEZ,0,    
1542,"COMUNIDAD INDIGENA ""YVYRATYMI-VEGA KUE""                                                                                                                                             ",37,FONAVIS,04/2017,2352238161,0,0,12/22/17,,,               ,En Ejecución,2017,,,,4         ,2476040169,123802008,0,877,0,0,0.6296,8/31/18,0,,,               ,,2/27/19,2/27/19,2/28/19,2/28/19,2/28/19, ,2018,SOLEDAD NUÑEZ,0,    
1544,Comision de Fomento y Desarrollo del Asentamiento Ing. Agron. Guido Almada I                                                                                                        ,87,FONAVIS,01/2018,6264551500,0,0,6/12/18,,,               ,En Ejecución,2018,,,,4         ,6594264737,329713237,0,877,0,0,0.0913,10/18/18,0,,,               ,,7/29/19,2/21/19,1/12/20,9/14/19,9/14/19, ,2018,SOLEDAD NUÑEZ,0,    
1552,COMISION VECINAL DE FOMENTO SAN CAYETANO                                                                                                                                            ,54,FONAVIS,01/2018,3412721270,0,0,3/16/18,,,               ,En Ejecución,2018,,,,4         ,3592338179,179616909,0,877,0,0,0.4774,11/6/18,0,,,               ,,1/20/19,11/14/18,6/12/19,6/12/19,6/12/19, ,2018,SOLEDAD NUÑEZ,0,    
1559,"Comisión de Fomento y Desarrollo de Pirapey Km. 75, Asentamiento Santa Librada.                                                                                                     ",43,FONAVIS,03/2017,3079947082,1336654878,0,11/10/17,2/14/18,,               ,En Ejecución,2017,,,,4         ,3242049560,162102478,0,877,0,0,0.7071,10/19/18,0.655,9/18/18,,               ,,3/19/19,4/12/19,3/19/19,3/19/19,3/19/19, ,2018,SOLEDAD NUÑEZ,0,    
1564,"Comisión Pro Vivienda Rural de la compañía San Agustín, Asentamiento Nueva Esperanza.                                                                                               ",59,FONAVIS,03/2017,4182053929,1867972361,0,12/4/17,1/30/18,,               ,En Ejecución,2017,,,,4         ,4402162031,220108102,0,877,0,0,0.87,9/10/18,0,,,               ,,12/4/18,1/12/19,1/17/19,1/17/19,1/17/19, ,2018,SOLEDAD NUÑEZ,0,    
1568,"Comisión Fortalecimiento Comunitario María Auxiliadora ""Proyecto Vivienda Senavitad"".                                                                                               ",78,FONAVIS,03/2017,5827594500,2619172500,0,11/23/17,1/22/18,,               ,En Ejecución,2017,,,,4         ,6134310000,306715500,0,877,0,0,0.7683,10/30/18,0,,,               ,,12/13/18,12/13/18,12/19/18,,12/19/19, ,2018,SOLEDAD NUÑEZ,0,    
1569,COMISION VECINAL DE FOMENTO Y DESARROLLO SAN RAFAEL YROYSA 1º LINEA                                                                                                                 ,103,FONAVIS,03/2017,7695413250,3329583896,0,11/15/17,1/22/18,,               ,En Ejecución,2017,,,,4         ,8100435000,405021750,0,877,0,0,0.6763,10/30/18,0.4703,10/30/18,,               ,,12/18/18,8/6/19,3/20/19,,12/20/18, ,2018,SOLEDAD NUÑEZ,0,    
1580,COMUNIDAD YVYTY MIRI.                                                                                                                                                               ,17,FONAVIS,04/2017,1081136940,462959726,0,12/22/17,2/28/18,,               ,En Ejecución,2017,,,,4         ,1138038884,56901944,0,877,0,0,0.8527,8/16/18,0,,,               ,,2/27/19,2/27/19,2/28/19,2/28/19,2/28/19, ,2018,SOLEDAD NUÑEZ,0,    
1581,Comisión de Fomento y Desarrollo del Asentamiento 13 de Junio.                                                                                                                      ,87,FONAVIS,03/2017,6264646745,2705051283,0,12/5/17,2/1/18,,               ,En Ejecución,2017,,,,4         ,6594364995,329718250,0,877,0,0,0.4769,10/18/18,0,,,               ,,1/18/19,1/18/19,7/27/19,7/27/19,7/27/19, ,2018,SOLEDAD NUÑEZ,0,    
1590,COMISION DE FOMENTO Y DESARROLLO DE LA LOCALIDAD DE SAN FRANCISCO EX CIERVO CUA                                                                                                     ,70,FONAVIS,03/2017,5229892500,2319763259,0,12/7/17,2/9/18,,               ,En Ejecución,2017,,,,4         ,5505150000,275257500,0,877,0,0,0.458,8/21/18,0.4707,10/23/18,,               ,,12/7/18,7/4/19,1/23/19,,1/23/19, ,2018,SOLEDAD NUÑEZ,0,    
1591,COMUNIDAD INDIGENA ''YVYTY KORÁ'' DEL PUEBLO MBYA GUARANI.                                                                                                                          ,22,FONAVIS,04/2017,1399197566,0,0,12/22/17,,,               ,En Ejecución,2017,,,,4         ,1472839543,73641977,0,877,0,0,0.4543,9/14/18,0,,,               ,,5/23/19,8/2/19,5/23/19,5/23/19,5/23/19, ,2018,SOLEDAD NUÑEZ,0,    
1595,"Comunidad Indígena Paí Tavytera ""Itaguazú"".                                                                                                                                         ",47,FONAVIS,01/2018,2989336961,0,0,3/27/18,,,               ,En Ejecución,2018,,,,4         ,3146670485,157333524,0,877,0,0,0.0257,11/9/18,0,,,               ,,3/12/19,12/24/18,6/12/19,,6/11/19, ,2018,SOLEDAD NUÑEZ,0,    
1607,Junta Comunal de la Localidad de Curuzu Ñú del Distrito de Concepción.                                                                                                              ,78,FONAVIS,01/2018,5539593432,0,0,5/24/18,,,               ,En Ejecución,2018,,,,4         ,5831150981,291557549,0,877,0,0,0.4707,10/21/18,0,,,               ,,8/17/19,8/17/19,8/18/19,8/18/19,12/16/19, ,2018,SOLEDAD NUÑEZ,0,    
1609,Comisión Pro Vivienda - Asentamiento Primavera de la Colonia 7 de Agosto Km. 14.                                                                                                    ,45,FONAVIS,01/2018,3240161754,0,0,3/21/18,,,               ,En Ejecución,2018,,,,4         ,3410696583,170534829,0,877,0,0,0.16,10/18/18,0,,,               ,,3/6/19,3/20/19,6/29/19,6/29/19,10/27/19, ,2018,SOLEDAD NUÑEZ,0,    
1612,Comunidad Indígena Y-Asory/Pirity.                                                                                                                                                  ,13,FONAVIS,01/2018,826702594,0,0,3/27/18,,,               ,En Ejecución,2018,,,,4         ,870213257,43510663,0,877,0,0,0.1632,11/9/18,0,,,               ,,1/21/19,11/30/18,4/23/19,,4/22/19, ,2018,SOLEDAD NUÑEZ,0,    
1614,Com.Fom.Urb.Asent. San Cayetano                                                                                                                                                     ,64,FONAVIS,04/2017,4014693076,0,0,12/22/17,,,               ,En Ejecución,2017,,,,4         ,4225992712,211299636,0,877,0,0,0.69,10/31/18,0,,,               ,,2/27/19,2/27/19,2/28/19,2/27/19,2/27/19, ,2018,SOLEDAD NUÑEZ,0,    
1631,Comision Vecinal (AD-HOC) del Barrio Nuevo Amanecer II                                                                                                                              ,34,FONAVIS,01/2018,2136321556,0,0,6/20/18,,,               ,En Ejecución,2018,,,,          ,2248759533,112437977,0,877,0,0,0.1228,10/26/18,0,,,               ,,5/5/19,12/11/18,5/17/19,6/6/19,6/6/19, ,2018,SOLEDAD NUÑEZ,0,    
1634,"Comunidad Indígena Mbya de ""Tekoha Guasu Yukeri"".                                                                                                                                   ",45,FONAVIS,01/2018,2836287546,0,0,6/22/18,,,               ,En Ejecución,2018,,,,4         ,2985565838,149278292,0,877,0,0,0.23,11/7/18,0,,,               ,,6/6/19,3/13/19,7/11/19,7/11/19,7/11/19, ,2018,SOLEDAD NUÑEZ,0,    
1639,Asent. Familiar de la Comunidad Espinillo                                                                                                                                           ,40,FONAVIS,00/0000,0,0,0,,,,               ,En Ejecución,2017,,,,4         ,0,0,0,877,0,0,0.0193,10/29/18,0,,,               ,,7/7/19,3/2/19,10/3/19,10/3/19,10/3/19, ,2018,,0,    
1640,COMISION LA ESPERANZA                                                                                                                                                               ,50,FONAVIS,01/2018,3017365748,0,0,5/31/18,,,               ,En Ejecución,2018,,,,4         ,3176174472,158808724,0,877,0,0,0.4892,10/29/18,0,,,               ,,3/27/19,1/5/19,5/23/19,5/23/19,7/31/19, ,2018,SOLEDAD NUÑEZ,0,    
1643,"Comunidad Indigena Mbya Guaraní ""Naranjito"", ""Isla Hu"", Sta. Teresa"",""Arroyo Hú"".                                                                                                   ",99,FONAVIS,01/2018,6226530874,0,0,3/16/18,,,               ,En Ejecución,2018,,,,4         ,6554243025,327712151,0,877,0,0,0.2101,10/2/18,0,,,               ,,,,,,, ,2018,SOLEDAD NUÑEZ,0,    
1647,Com.Fom. Y Desarrollo Nueva Alborada                                                                                                                                                ,31,FONAVIS,05/2017,2147169031,0,0,12/29/17,,,               ,En Ejecución,2017,,,,4         ,2260177927,113008896,0,877,0,0,0.4517,10/20/18,0,,,               ,,3/9/19,3/9/19,2/5/19,2/5/19,2/5/19, ,2018,SOLEDAD NUÑEZ,0,    
1657,ASOCIACION CAMPESINA DE LA COLONIA LIBERTAD.                                                                                                                                        ,26,FONAVIS,03/2017,1850494622,780058637,0,11/15/17,1/22/18,,               ,En Ejecución,2017,,,,4         ,1947889076,97394454,0,877,0,0,0.51,9/11/18,0,,,               ,,3/15/19,11/21/18,12/21/18,12/21/18,12/21/18, ,2018,SOLEDAD NUÑEZ,0,    
1659,Comisión Vecinal de Fomento Territorio Social Santa Catalina.                                                                                                                       ,16,FONAVIS,01/2018,977550191,0,0,5/4/18,,,               ,En Ejecución,2018,,,,4         ,1029000201,51450010,0,877,0,0,0.5212,9/17/18,0,,,               ,,3/12/19,10/1/18,3/16/19,3/16/19,3/16/19, ,2018,SOLEDAD NUÑEZ,0,    
1665,COMISIÓN PRO-VIVIENDA DE LA LOCALIDAD DE AGUERITO.                                                                                                                                  ,51,FONAVIS,02/2017,3629816374,1506016626,0,9/14/17,11/10/17,,               ,En Ejecución,2017,,,,4         ,3820859341,191042967,0,877,0,0,0.9878,10/11/18,0,,,               ,,10/26/18,10/26/18,10/26/18,10/26/18,10/26/18, ,2018,SOLEDAD NUÑEZ,0,    
1667,COMISION VECINAL DE FOMENTO ÑANDE ROGARA                                                                                                                                            ,12,FONAVIS,01/2018,755879850,0,0,4/12/18,,,               ,En Ejecución,2018,,,,4         ,795663000,39783150,0,877,0,0,0.5438,11/8/18,0,,,               ,,2/25/19,10/13/18,3/15/19,3/15/19,3/15/19, ,2018,SOLEDAD NUÑEZ,0,    
1676,COMISION VECINAL DEL ASENTAMIENTO TAVA PORA                                                                                                                                         ,49,FONAVIS,05/2017,3401464105,0,0,12/29/17,,,               ,En Ejecución,2017,,,,4         ,3580488531,179024426,0,877,0,0,0.15,9/10/18,0,,,               ,,3/22/19,3/22/19,3/22/19,3/22/19,3/22/19, ,2018,SOLEDAD NUÑEZ,0,    
1682,"Comunidad Indígena Ava Guaraní ""Paso Historia"".                                                                                                                                     ",28,FONAVIS,04/2017,1685598474,717383528,0,12/21/17,2/28/18,,               ,En Ejecución,2017,,,,4         ,1774314183,88715709,0,877,0,0,0.45,10/27/18,0,,,               ,,1/23/19,1/23/19,2/28/19,2/28/19,2/28/19, ,2018,SOLEDAD NUÑEZ,0,    
1683,COMISION DE DAMAS DE VILLA ROSITA II.                                                                                                                                               ,15,FONAVIS,04/2017,953962828,0,0,12/22/17,,,               ,En Ejecución,2017,,,,4         ,1004171398,50208570,0,877,0,0,0.6285,11/9/18,0,,,               ,,5/30/19,5/30/19,5/30/19,5/30/19,5/30/19, ,2018,SOLEDAD NUÑEZ,0,    
1693,Terminación de 3 bloques de 8 Deptos. en Encarnación                                                                                                                                ,24,Viviendas Económicas,012/17,3882732680,0,0,12/15/17,,7/20/18,Rec. Definitiva,En Ejecución,0,2/20/18,10/15/18,,          ,0,0,0,450,20,402,0.96,10/8/18,0.2274,4/27/18,,               ,,,,,,,La obra cuenta con Acta de Recepción Provisoria de fecha 15/10/18 con Resalvas.,2018,SOLEDAD NUÑEZ,332008,    
1694,Nueva Esperanza                                                                                                                                                                     ,97,SEMBRANDO,16/17,5708694067,0,0,12/20/17,,,Rec. Definitiva,En Ejecución,2017,,,,          ,0,0,0,520,20,4,0.3708,10/31/18,0.3708,10/31/18,,               ,,,,,,,Certificado N° 5,2018,SOLEDAD NUÑEZ,335909,1   
1695,Guahory - Const. 259 viv.Caaguazú                                                                                                                                                   ,57,SEMBRANDO,016/17,3391714918,1017514475,628179810,12/15/17,,,Rec. Definitiva,En Ejecución,2017,3/8/18,,,          ,0,0,31408991,520,20,4,0.1852,9/24/18,0.0994,9/24/18,,               ,,,,,,,Certificado N° 5,2018,SOLEDAD NUÑEZ,335909,2   
1696,Chino Cue II                                                                                                                                                                        ,105,SEMBRANDO,016/17,7875602702,2362680811,6716030719,12/15/17,,,Rec. Definitiva,En Ejecución,2017,,,,          ,0,0,335801535,520,20,4,0.9238,10/23/18,0.1286,10/23/18,,               ,,2/28/19,2/28/19,,,,Certificado N° 6,2018,SOLEDAD NUÑEZ,335909,3   
1697,Sta.Teresa - Const. 146 viv. Caazapá                                                                                                                                                ,36,SEMBRANDO,017/17,2195396341,0,0,12/15/17,,,Rec. Definitiva,En Ejecución,2017,,,,          ,0,0,0,520,20,4,0.3868,9/26/18,0.3868,9/26/18,,               ,,,,,,,Certificado N° 4,2018,SOLEDAD NUÑEZ,336341,1   
1698," Libertad del Sur. Consr. 146 Viv. Itapúa, As.                                                                                                                                      ",110,SEMBRANDO,017/17,6540822377,0,0,12/15/17,,,Rec. Definitiva,En Ejecución,0,3/3/18,,,          ,0,0,0,520,20,4,0.4982,8/30/18,0.4982,8/30/18,,               ,,,,,,,Certificado N° 5,2018,SOLEDAD NUÑEZ,336341,2   
1699,María Auxiliadora                                                                                                                                                                   ,70,SEMBRANDO,018/17,4127493564,0,0,12/18/17,,,Rec. Definitiva,En Ejecución,2017,,,,          ,0,0,0,520,20,4,0,,0,,,               ,,,,,,,Convenio modificatorio pendiente.,2018,SOLEDAD NUÑEZ,336333,1   
1700,Manduará - Const. 251 Viv Canindeyú                                                                                                                                                 ,81,SEMBRANDO,018/17,6064229162,0,0,12/15/17,,,Rec. Definitiva,En Ejecución,2017,,,,          ,0,0,0,520,20,4,0.6703,8/28/18,0.6703,8/28/18,,               ,,3/31/19,3/31/19,,,,Certificado N° 5,2018,SOLEDAD NUÑEZ,336333,2   
1701,Jamaica - Const. 251 Viv. Canindeyú                                                                                                                                                 ,100,SEMBRANDO,018/17,6070002212,0,0,12/20/17,,,Rec. Definitiva,En Ejecución,2017,,,,          ,0,0,0,520,20,4,0,,0,,,               ,,,,,,,"Por resolución N° 1848 se aprueba el convenio modificatorio N° 1, por la cual se disminuye la cantidad de viviendas de 100 un. a 61 un.",2018,SOLEDAD NUÑEZ,336333,3   
1703,"COMUNIDAD INDIGENA ""COLONIA LA  ARMONIA""                                                                                                                                            ",57,FONAVIS,04/2017,3619370312,0,0,12/22/17,,,               ,En Ejecución,2017,,,,4         ,3809863486,190493174,0,877,0,0,0.2077,10/29/18,0,,,               ,,3/7/19,3/7/19,3/14/19,3/14/19,3/14/19, ,2018,SOLEDAD NUÑEZ,0,    
1704,COMISION DE FOMENTO URBANO ASENTAMIENTO TIERRA PROMETIDA                                                                                                                            ,57,FONAVIS,04/2017,3535489418,1462618411,0,12/22/17,4/2/18,,               ,En Ejecución,2017,,,,4         ,3721567808,186078390,0,877,0,0,0.45,5/28/18,0,,,               ,,3/6/19,3/6/19,3/6/19,3/6/19,3/6/19, ,2018,SOLEDAD NUÑEZ,0,    
1705,COMISION VECINAL ASENTAMIENTO SAN NICODEMO.                                                                                                                                         ,16,FONAVIS,01/2018,996344800,0,0,3/21/18,,,               ,En Ejecución,2018,,,,4         ,1048784000,52439200,0,877,0,0,0.4978,10/30/18,0,,,               ,,3/5/19,12/5/18,4/14/19,4/14/19,6/13/19, ,2018,SOLEDAD NUÑEZ,0,    
1706,8 de Diciembre                                                                                                                                                                      ,16,FONAVIS,01/2018,1004456052,0,0,7/6/15,,,               ,En Ejecución,2015,,,,4         ,1057322160,52866108,0,877,0,0,0.073,10/29/18,0,,,               ,,4/23/19,12/9/18,6/17/19,6/17/19,6/17/19, ,2018,SOLEDAD NUÑEZ,0,    
1711,COMISION VECINAL DE FOMENTO PO JOAJU                                                                                                                                                ,10,FONAVIS,01/2018,635928922,0,0,3/23/18,,,               ,En Ejecución,2018,,,,4         ,669398865,33469943,0,877,0,0,0.567,9/15/18,0,,,               ,,3/28/19,10/14/18,2/24/19,2/24/19,, ,2018,SOLEDAD NUÑEZ,0,    
1717,Asentamientos Nuevo Amanecer y Fulgencio Yegros                                                                                                                                     ,82,CHE TAPYI,04/17,5049183484,1514755045,0,12/6/17,,,               ,En Ejecución,0,,,,          ,0,0,0,871,30,509,0.6199,7/4/18,0.6199,7/4/18,,               ,,12/6/18,12/13/18,1/1/19,1/1/19,1/1/19, ,2018,SOLEDAD NUÑEZ,0,    
1719,Comisión de Fomento Urbano para la Aplicación de la Ley 5829/2017 Asentamiento Nueva Esperanza.                                                                                     ,69,FONAVIS,01/2018,4273312092,0,0,4/25/18,,,               ,En Ejecución,2018,,,,          ,4498223255,224911163,0,877,0,0,0.4654,9/8/18,0,,,               ,,3/11/19,5/18/19,7/9/19,7/9/19,11/6/19, ,2018,SOLEDAD NUÑEZ,0,    
1720,COMISION VECINAL DE FOMENTO TERRITORIO SOCIAL CERRO CORA                                                                                                                            ,28,FONAVIS,05/2017,620588310,0,0,12/29/17,,,               ,En Ejecución,2017,,,,4         ,653250853,32662543,0,877,30,1,0.7414,10/29/18,0,,,               ,,3/12/19,12/11/18,12/12/18,12/12/18,12/12/18, ,2018,SOLEDAD NUÑEZ,0,    
1721,Comisión Vecinal Pro-Vivienda 22 de Octubre Asentamiento Tapyirá.                                                                                                                   ,4,FONAVIS,01/2018,250879673,0,0,3/16/18,,,               ,En Ejecución,2018,,,,4         ,264083866,13204193,0,877,0,0,0.1667,11/2/18,0,,,               ,,1/10/19,7/29/18,8/1/19,8/1/19,8/1/19, ,2018,SOLEDAD NUÑEZ,0,    
1722,Term. de 32 Viviendas en San Joaquín                                                                                                                                                ,42,Pueblos Originarios,019-17,2577983999,0,0,12/21/17,,,Rec. Definitiva,En Ejecución,0,,,,          ,0,0,0,871,20,0,0.4185,10/9/18,0,,,               ,,3/31/19,3/31/19,,,,,2018,SOLEDAD NUÑEZ,313,    
1723,Term. 20 Viviendas en Redención - Concepción                                                                                                                                        ,20,Pueblos Originarios,019-17,1232137719,0,0,12/21/17,,,Rec. Definitiva,En Ejecución,0,6/15/18,,,          ,0,0,0,871,20,0,0.3702,10/31/18,0,,,               ,,,3/31/19,,,,"Informe de Obra 16; AV OB: 37,02%; Fecha de Inspección en la Obra: 31/10/18
La obra cuenta con poco avance de obra debido a la reducida cantidad de materiales y mano de obra.",2018,SOLEDAD NUÑEZ,313,2   
1725,COMISION VECINAL DEL TERRITORIO SOCIAL SOL NACIENTE III.                                                                                                                            ,50,FONAVIS,04/2017,3179112048,0,0,12/22/17,,,               ,En Ejecución,2017,,,,4         ,3346433735,167321687,0,877,30,1,0.4505,10/24/18,0,,,               ,,6/6/19,7/11/19,6/6/19,6/6/19,6/6/19, ,2018,SOLEDAD NUÑEZ,0,    
1727,Barrio Cooperativo - Coopafiol                                                                                                                                                      ,37,FONCOOP,,3547183000,1773591500,0,,5/11/17,,               ,En Ejecución,2017,1/3/18,,,          ,0,0,0,635,20,402,0.8193,10/17/18,0,,,               ,,,,,,,"IF: 22/08/2018: avance de obras de 58,30%",2018,SOLEDAD NUÑEZ,0,    
1735,Comunidad San Cristobal y Jesus Misericordioso                                                                                                                                      ,100,CHE TAPYI,002-18,7939498625,0,0,5/23/18,,,11/06/18       ,En Ejecución,0,,,,          ,0,0,0,871,0,509,0,,0,,,Rec. Definitiva,,,,,,,"Inicialmente se había cargado al SIAF la cantidad de 150 viviendas, posteriormente la meta fue modificada a 100 viviendas para un Lote y 110 viviendas para otro lote = total 210 viviendas para Itá",2018,SOLEDAD NUÑEZ,0,1   
1736,Asentamiento San Cristóbal y Jesús Misericordioso                                                                                                                                   ,100,Vya Renda,,0,0,0,,,,               ,En Ejecución,0,,,,          ,0,0,0,0,99,509,0,,0,,,               ,,,,,,, ,,SOLEDAD NUÑEZ,0,    
1737,Asentamiento Gaspar Rodriguez de Francia                                                                                                                                            ,135,CHE TAPYI,002-18,10395096342,0,0,,,,               ,En Ejecución,0,,,,          ,0,0,0,0,0,509,0,,0,,,               ,,,,,,,"Inicialmente se había cargado al SIAF la cantidad de 144viviendas, posteriormente la meta fue modificada a 135 viviendas.",2018,SOLEDAD NUÑEZ,0,1   
1738,Asentamiento Hecha Pyra                                                                                                                                                             ,184,CHE TAPYI,003-18,0,0,0,,,,               ,En Ejecución,0,,,,          ,0,0,0,0,0,509,0,,0,,,               ,,,,,,,"Inicialmente se había cargado al SIAF la cantidad de 170 viviendas, posteriormente la meta fue modificada a 184 viviendas.",2018,SOLEDAD NUÑEZ,0,1   
1739,Asentamiento San Benito                                                                                                                                                             ,110,CHE TAPYI,003-18,0,0,0,,,,               ,En Ejecución,0,,,,          ,0,0,0,0,0,509,0,,0,,,               ,,7/14/19,7/14/19,1/11/19,1/11/19,1/11/19,"nicialmente se había cargado al SIAF la cantidad de 150 viviendas, posteriormente la meta fue modificada a 100 viviendas para un Lote y 110 viviendas para otro lote = total 210 viviendas para Itá",2018,SOLEDAD NUÑEZ,0,2   
1740,"Comunidad Indígena - La Paciencia, Urundey, Paraíso                                                                                                                                 ",103,CHE TAPYI,004-18,0,0,0,,,,               ,En Ejecución,0,,,,          ,0,0,0,0,0,509,0,,0,,,               ,,7/16/19,7/16/19,1/13/19,1/13/19,1/13/19, ,2018,SOLEDAD NUÑEZ,0,    
1741,Santa María Fé                                                                                                                                                                      ,65,Convenio YACYRETA,667-B,8644978043,0,0,,,,               ,En Ejecución,0,,,,          ,0,0,0,0,0,0,0,,0,,,               ,,,,,,, ,,SOLEDAD NUÑEZ,0,    
1742,                                                                                                                                                                                    ,50,Convenio YACYRETA,606,0,0,0,,,,               ,En Ejecución,0,,,,          ,0,0,0,0,0,0,0,,0,,,               ,,,,,,,Adenda N° 1 Gs. -22.337.406,,SOLEDAD NUÑEZ,0,    
1743,Villa Florida                                                                                                                                                                       ,50,Convenio YACYRETA,667 - A,6676032932,0,0,,,,               ,En Ejecución,0,,,,          ,0,0,0,0,0,0,0,,0,,,               ,,,,,,, ,,SOLEDAD NUÑEZ,0,    
1783,Comisión Directiva del Territorio Social Sol Naciente I.                                                                                                                            ,4,FONAVIS,01/2018,252707078,0,0,6/20/18,,,               ,En Ejecución,2018,,,,          ,266007450,13300372,0,0,0,0,0.3144,9/12/18,0,,,               ,,3/17/19,12/13/18,4/27/19,4/27/19,8/25/19, ,2018,SOLEDAD NUÑEZ,0,    
1789,Comunidad Indigena Ava Guarani de la Colonia Fortuna (FASE6)                                                                                                                        ,11,FONAVIS,01/2018,649989036,0,0,5/25/18,,,               ,En Ejecución,2018,,,,          ,684198985,34209949,0,0,0,0,0,,0,,,               ,,4/16/19,2/15/19,7/15/19,7/15/19,7/15/19, ,2018,SOLEDAD NUÑEZ,0,    
1815,Paso Tuna - Terminación                                                                                                                                                             ,61,SEMBRANDO,,1895385390,0,0,,,,               ,En Ejecución,0,,,,          ,0,0,0,0,0,0,0.9625,10/23/18,0.9625,10/23/18,,               ,,,,,,,Certificado N° 4,2018,SOLEDAD NUÑEZ,0,    
1816,Paso Tuna - Obra Nueva                                                                                                                                                              ,59,SEMBRANDO,,0,0,0,,,,               ,En Ejecución,0,,,,          ,0,0,0,0,0,0,0,,0,,,               ,,,,,,,A licitar,2018,SOLEDAD NUÑEZ,0,    
1817,Marqueti - Terminación                                                                                                                                                              ,93,SEMBRANDO,,3904878250,0,0,,,,               ,En Ejecución,0,,,,          ,0,0,0,0,0,0,0.7957,10/23/18,0.7957,10/23/18,,               ,,6/18/19,5/18/19,6/7/19,6/7/19,6/7/19,Certificado N° 4,2018,SOLEDAD NUÑEZ,0,    
1818,Marqueti - Obra Nueva                                                                                                                                                               ,98,SEMBRANDO,,0,0,0,,,,               ,En Ejecución,0,,,,          ,0,0,0,0,0,0,0,,0,,,               ,,,,,,,A licitar,2018,SOLEDAD NUÑEZ,0,    
1819,Maracaná- Terminación de 100 viviendas                                                                                                                                              ,100,SEMBRANDO,LPN 1/18,2772507580,0,0,5/18/18,,,               ,En Ejecución,0,,,,          ,0,0,0,0,0,0,0.3443,10/4/18,0.3443,10/4/18,,               ,,,,,,,Certificado N° 3,2018,SOLEDAD NUÑEZ,347565,4   
1820,Terminación de 93 viviendas - Marqueti (Ko'e Pora)                                                                                                                                  ,93,SEMBRANDO,1/18,3904878250,0,0,5/18/18,,,               ,En Ejecución,0,,,,          ,0,0,0,0,0,0,0,,0,,,               ,,,,,,, ,,SOLEDAD NUÑEZ,347565,3   
1827,Hachita - Terminación de 67 viviendas                                                                                                                                               ,67,SEMBRANDO,LPN 1/18,3269771790,0,0,5/18/18,,,               ,En Ejecución,0,,,,          ,0,0,0,0,0,0,0.6396,11/1/18,0.6396,11/1/18,,               ,,5/18/19,,6/19/19,6/19/19,6/19/19,Certificado N° 4,2018,SOLEDAD NUÑEZ,347565,2   
1834,Terminacion 17 viv Tierra prometida                                                                                                                                                 ,17,Vya Renda,001/18,1328497938,0,0,5/2/18,,,Rec. Definitiva,En Ejecución,0,,,,          ,0,0,0,871,10,1,0.5882,10/30/18,0,,,               ,,,,,,,"IF 07; AV OB: 58,82% Fecha de Inspección en la Obra 30/10/18.
- Fueron rechazados las tejas y tejuelones presentados por no ser uniformes para todas las viv. en cuanto a sus características.
La fiscalización, deslinda responsabilidad en el caso que los dados de fundación hayan sido mal ubicadas.",2018,SOLEDAD NUÑEZ,0,    
